Workbook

Sheet ① 손실 계산기
B2: 기공소 리메이크 손실 계산기
B4: 🔧 기본 입력값 (노란색 셀을 수정하세요)
B5: 항목 | C5: 값 | D5: 단위 | E5: 기준/참고 | F5: 출처
B6: 월 총 케이스 수 | C6: 200 | D6: 건/월 | E6: 중소 기공소 평균 | F6: 업계 추정
B7: 리메이크 발생률 | C7: 0.1 | D7: % | E7: 국내 평균 10% | F7: 치의신보
B8: 평균 기공료 (케이스당) | C8: 90000 | D8: 원 | E8: 메탈~지르코니아 평균 | F8: 업계 추정
B9: 재료비 비율 | C9: 0.3 | D9: % | E9: 기공료의 약 30% | F9: 업계 추정
B10: 기공사 시간당 인건비 | C10: 18000 | D10: 원/시간 | E10: 연봉 3,765만÷2,080h | F10: 고용노동부 2021
B11: 케이스당 평균 제작 시간 | C11: 2.5 | D11: 시간 | E11: 보철 종류 혼합 기준 | F11: 업계 추정
B13: 💸 손실 계산 결과
B14: 항목 | C14: 계산식 | D14: 월간 손실 | E14: 연간 손실 | F14: 비고
B15: ① 월 리메이크 건수 | C15: =C6*C7 | D15: =C15 | E15: =C6*C7*12
B16: ② 재료비 손실 | C16: =C6*C7*C8*C9 | D16: =C16 | E16: =C6*C7*C8*C9*12 | F16: 케이스수×재제작률×기공료×재료비율
B17: ③ 인건비 손실 | C17: =C6*C7*C11*C10 | D17: =C17 | E17: =C6*C7*C11*C10*12 | F17: 케이스수×재제작률×시간×시급
B18: ④ 기회비용 | C18: =C6*C7*C8*(1-C9) | D18: =C18 | E18: =C6*C7*C8*(1-C9)*12 | F18: 리메이크 건수×기공료×(1-재료비율)
B19: 🔴 총 손실 합계 (②+③+④) | C19: =C16+C17+C18 | D19: =D16+D17+D18 | E19: =E16+E17+E18 | F19: 연간 총 손실

Sheet ② 시나리오 분석
B2: 리메이크 개선 시나리오별 절감 효과
B4: 📊 시나리오별 연간 손실 비교
B5: 시나리오 | C5: 재제작률 | D5: 월 리메이크 | E5: 연간 재료비 손실 | F5: 연간 인건비 손실 | G5: 연간 기회비용 | H5: 연간 총 손실
B6: 현재 (국내 평균) | C6: 0.1 | D6: ='① 손실 계산기'!C6*C6 | E6: ='① 손실 계산기'!C6*C6*'① 손실 계산기'!C8*'① 손실 계산기'!C9*12 | F6: ='① 손실 계산기'!C6*C6*'① 손실 계산기'!C11*'① 손실 계산기'!C10*12 | G6: ='① 손실 계산기'!C6*C6*'① 손실 계산기'!C8*(1-'① 손실 계산기'!C9)*12 | H6: =D6+E6+F6
B7: 글로벌 평균 | C7: 0.04 | D7: ='① 손실 계산기'!C6*C7 | E7: ='① 손실 계산기'!C6*C7*'① 손실 계산기'!C8*'① 손실 계산기'!C9*12 | F7: ='① 손실 계산기'!C6*C7*'① 손실 계산기'!C11*'① 손실 계산기'!C10*12 | G7: ='① 손실 계산기'!C6*C7*'① 손실 계산기'!C8*(1-'① 손실 계산기'!C9)*12 | H7: =D7+E7+F7
B8: 목표 개선 (5%) | C8: 0.05 | D8: ='① 손실 계산기'!C6*C8 | E8: ='① 손실 계산기'!C6*C8*'① 손실 계산기'!C8*'① 손실 계산기'!C9*12 | F8: ='① 손실 계산기'!C6*C8*'① 손실 계산기'!C11*'① 손실 계산기'!C10*12 | G8: ='① 손실 계산기'!C6*C8*'① 손실 계산기'!C8*(1-'① 손실 계산기'!C9)*12 | H8: =D8+E8+F8
B9: 우수 기공소 (3%) | C9: 0.03 | D9: ='① 손실 계산기'!C6*C9 | E9: ='① 손실 계산기'!C6*C9*'① 손실 계산기'!C8*'① 손실 계산기'!C9*12 | F9: ='① 손실 계산기'!C6*C9*'① 손실 계산기'!C11*'① 손실 계산기'!C10*12 | G9: ='① 손실 계산기'!C6*C9*'① 손실 계산기'!C8*(1-'① 손실 계산기'!C9)*12 | H9: =D9+E9+F9
B10: 이상적 목표 (1%) | C10: 0.01 | D10: ='① 손실 계산기'!C6*C10 | E10: ='① 손실 계산기'!C6*C10*'① 손실 계산기'!C8*'① 손실 계산기'!C9*12 | F10: ='① 손실 계산기'!C6*C10*'① 손실 계산기'!C11*'① 손실 계산기'!C10*12 | G10: ='① 손실 계산기'!C6*C10*'① 손실 계산기'!C8*(1-'① 손실 계산기'!C9)*12 | H10: =D10+E10+F10
B12: 💡 CrownOps 도입 시 절감 효과 (현재 → 목표 개선 5%)
B13: 연간 절감액 | C13: =G6-G8 | E13: 원/년 | F13: → ROI 근거로 활용 가능

Sheet ③ 보철 종류별 분석
B2: 보철 종류별 리메이크 손실 분석
B4: 🦷 보철 종류별 월간 손실
B5: 보철 종류 | C5: 월 케이스 | D5: 리메이크율 | E5: 기공료(원) | F5: 재료비율 | G5: 월 손실(재료+인건비) | H5: 월 기회비용
B6: 메탈 크라운 | C6: 40 | D6: 0.058 | E6: 65000 | F6: 0.25 | G6: =C6*D6*E6*F6+C6*D6*'① 손실 계산기'!C11*'① 손실 계산기'!C10 | H6: =C6*D6*E6*(1-F6)
B7: PFM 크라운 | C7: 50 | D7: 0.07 | E7: 95000 | F7: 0.3 | G7: =C7*D7*E7*F7+C7*D7*'① 손실 계산기'!C11*'① 손실 계산기'!C10 | H7: =C7*D7*E7*(1-F7)
B8: 지르코니아 크라운 | C8: 60 | D8: 0.075 | E8: 110000 | F8: 0.28 | G8: =C8*D8*E8*F8+C8*D8*'① 손실 계산기'!C11*'① 손실 계산기'!C10 | H8: =C8*D8*E8*(1-F8)
B9: 임플란트 보철 | C9: 25 | D9: 0.08 | E9: 130000 | F9: 0.32 | G9: =C9*D9*E9*F9+C9*D9*'① 손실 계산기'!C11*'① 손실 계산기'!C10 | H9: =C9*D9*E9*(1-F9)
B10: 가철성 의치 | C10: 15 | D10: 0.098 | E10: 150000 | F10: 0.4 | G10: =C10*D10*E10*F10+C10*D10*'① 손실 계산기'!C11*'① 손실 계산기'!C10 | H10: =C10*D10*E10*(1-F10)
B11: 심미보철 | C11: 10 | D11: 0.095 | E11: 200000 | F11: 0.35 | G11: =C11*D11*E11*F11+C11*D11*'① 손실 계산기'!C11*'① 손실 계산기'!C10 | H11: =C11*D11*E11*(1-F11)
B12: 합계 | C12: =SUM(C6:C11) | G12: =SUM(G6:G11) | H12: =SUM(H6:H11)

Sheet ④ 가정 & 출처
B2: 모델 가정 및 데이터 출처
B4: 📋 핵심 가정 & 출처
B5: 항목 | C5: 가정/수치 | D5: 출처
B6: 국내 평균 리메이크율 | C6: 10% (글로벌 평균 3.8%의 약 2.5배) | D6: 치의신보 / NCBI PMC7005880
B7: 보철 재료비 비율 | C7: 기공료의 약 25~40% (종류별 상이) | D7: 업계 추정
B8: 기공사 시간당 인건비 | C8: 약 18,000원 (연봉 3,765만 ÷ 2,080시간) | D8: 고용노동부 고용형태별근로실태조사 2021
B9: 케이스당 제작 시간 | C9: 평균 2.5시간 (보철 종류 혼합 기준) | D9: 업계 추정
B10: 기회비용 정의 | C10: 리메이크 시간에 신규 케이스를 처리했을 경우의 수익 손실 | D10: 자체 산정
B11: 리메이크 주요 원인 | C11: 인상체 변형 92.2% / 정보 오류 68.6% / 기공사 오류 62.7% | D11: 치의신보
B12: 국내 기공소 수 | C12: 약 4,500개소 (추정) | D12: 업계 추정 (공식 통계 확인 필요)
B13: 월 평균 케이스 수 | C13: 중소 기공소 기준 200건/월 | D13: 업계 추정
B14: 글로벌 비교 기준 | C14: 미국 dental lab 평균 3.8% (n=3,750 크라운) | D14: NCBI PMC7005880 (2020)
B15: CrownOps 개선 목표 | C15: 리메이크율 10% → 5% (수주/커뮤니케이션 개선) | D15: 자체 설정
B22: ⚠️ 모델 한계 및 추가 검증 필요 항목
B23: • 전국 기공소 정확한 수 → data.go.kr '전국치과기공소표준데이터' CSV 다운로드 필요
B24: • 보철 종류별 월 케이스 수 분포 → 기공소 직접 인터뷰 또는 설문 필요
B25: • 실제 기공료 단가 → 지역별·규모별 편차 존재, 직접 확인 필요
B26: • 리메이크 이후 재작업 여부 추적 데이터 → 현재 국내 데이터 없음
B27: • CrownOps 도입에 따른 실질 개선율 → 실증 데이터 확보 후 업데이트
