Workbook

Sheet ① 손실 계산기
B2: 기공소 리메이크 손실 계산기 (국내 기준)
B4: 🔧 기본 입력값 (노란색 셀 수정 → 자동 계산)
B5: 항목 | C5: 값 | D5: 단위 | E5: 기준/참고 | F5: 출처
B6: 월 총 케이스 수 | C6: 200 | D6: 건/월 | E6: 중소 기공소 평균 기준 | F6: 업계 추정
B7: 리메이크 발생률 (국내) | C7: 0.1 | D7: % | E7: 국내 평균 10% (글로벌 4%의 2.5배) | F7: 치의신보
B8: 보철 종류 혼합 평균 기공료 | C8: 95000 | D8: 원 | E8: 메탈~임플란트 가중 평균 | F8: 업계 추정
B9: 재료비 비율 | C9: 0.3 | D9: % | E9: 기공료의 약 30% (종류별 상이) | F9: 업계 추정
B10: 기공사 시간당 인건비 | C10: 18000 | D10: 원/시간 | E10: 연봉 3,765만÷2,080시간 | F10: 고용노동부 2021
B11: 케이스당 평균 제작 시간 | C11: 2.5 | D11: 시간 | E11: 보철 종류 혼합 기준 | F11: 업계 추정
B13: 💸 손실 계산 결과
B14: 항목 | C14: 계산 내역 | D14: 단위 | E14: 월간 손실 | F14: 연간 손실
B15: ① 월 리메이크 건수 | C15: 케이스 수 × 재제작률 | D15: 건 | E15: =C6*C7 | F15: (월 단위)
B16: ② 재료비 손실 | C16: 케이스 수 × 재제작률 × 기공료 × 재료비율 | D16: 원 | E16: =C6*C7*C8*C9 | F16: =E16*12
B17: ③ 인건비 손실 | C17: 케이스 수 × 재제작률 × 시간 × 시급 | D17: 원 | E17: =C6*C7*C11*C10 | F17: =E17*12
B18: ④ 기회비용 | C18: 리메이크 건수 × 기공료 × (1-재료비율) [신규케이스 기회손실] | D18: 원 | E18: =C6*C7*C8*(1-C9) | F18: =E18*12
B19: 🔴 총 손실 합계 (②+③+④) | C19: 직접 손실 + 기회비용 합산 | D19: 원 | E19: =E16+E17+E18 | F19: =F16+F17+F18

Sheet ② 시나리오 분석
B2: 재제작률 개선 시나리오별 절감 효과
B4: 📊 시나리오별 연간 손실 비교 (기공소 1개소 기준, 월 200케이스)
B5: 시나리오 | C5: 재제작률 | D5: 연간 재료비 손실 | E5: 연간 인건비 손실 | F5: 연간 기회비용 | G5: 연간 총 손실
B6: 현재 (국내 평균 10%) | C6: 0.1 | D6: ='① 손실 계산기'!C6*C6*'① 손실 계산기'!C8*'① 손실 계산기'!C9*12 | E6: ='① 손실 계산기'!C6*C6*'① 손실 계산기'!C11*'① 손실 계산기'!C10*12 | F6: ='① 손실 계산기'!C6*C6*'① 손실 계산기'!C8*(1-'① 손실 계산기'!C9)*12 | G6: =D6+E6+F6
B7: 글로벌 평균 참고 (4%) | C7: 0.04 | D7: ='① 손실 계산기'!C6*C7*'① 손실 계산기'!C8*'① 손실 계산기'!C9*12 | E7: ='① 손실 계산기'!C6*C7*'① 손실 계산기'!C11*'① 손실 계산기'!C10*12 | F7: ='① 손실 계산기'!C6*C7*'① 손실 계산기'!C8*(1-'① 손실 계산기'!C9)*12 | G7: =D7+E7+F7
B8: 목표: 5% (개선 후) | C8: 0.05 | D8: ='① 손실 계산기'!C6*C8*'① 손실 계산기'!C8*'① 손실 계산기'!C9*12 | E8: ='① 손실 계산기'!C6*C8*'① 손실 계산기'!C11*'① 손실 계산기'!C10*12 | F8: ='① 손실 계산기'!C6*C8*'① 손실 계산기'!C8*(1-'① 손실 계산기'!C9)*12 | G8: =D8+E8+F8
B9: 우수 기공소 기준 (3%) | C9: 0.03 | D9: ='① 손실 계산기'!C6*C9*'① 손실 계산기'!C8*'① 손실 계산기'!C9*12 | E9: ='① 손실 계산기'!C6*C9*'① 손실 계산기'!C11*'① 손실 계산기'!C10*12 | F9: ='① 손실 계산기'!C6*C9*'① 손실 계산기'!C8*(1-'① 손실 계산기'!C9)*12 | G9: =D9+E9+F9
B10: 디지털 워크플로우 (1%) | C10: 0.01 | D10: ='① 손실 계산기'!C6*C10*'① 손실 계산기'!C8*'① 손실 계산기'!C9*12 | E10: ='① 손실 계산기'!C6*C10*'① 손실 계산기'!C11*'① 손실 계산기'!C10*12 | F10: ='① 손실 계산기'!C6*C10*'① 손실 계산기'!C8*(1-'① 손실 계산기'!C9)*12 | G10: =D10+E10+F10
B12: 💡 CrownOps 도입 효과 — 현재(10%) → 목표(5%) 개선 시
B13: 기공소 1개소 연간 절감액 | C13: =G6-G8 | E13: 원/년 | F13: → 구독료 대비 ROI 근거

Sheet ③ TAM·SAM·SOM
B2: 시장 규모 산정 (TAM · SAM · SOM)
B4: 🏭 기공소 수 기초 데이터 (공공데이터 확정)
B5: 항목 | C5: 수치 | D5: 단위 | E5: 기준 | F5: 출처
B6: 전국 기공소 전체 등록 수 | C6: 8752 | D6: 개소 | E6: 공공데이터 전수 | F6: 건강_치과기공소.csv (2026.07)
B7: 영업 중 기공소 | C7: 4663 | D7: 개소 | E7: 영업/정상 상태 | F7: 건강_치과기공소.csv (2026.07)
B8: 폐업·기타 | C8: 4089 | D8: 개소 | E8: 폐업+삭제+취소 합산 | F8: 건강_치과기공소.csv (2026.07)
B9: 서울 영업 중 기공소 | C9: 1003 | D9: 개소 | E9: 지역별 1위 | F9: 건강_치과기공소.csv (2026.07)
B10: 경기 영업 중 기공소 | C10: 774 | D10: 개소 | E10: 지역별 2위 | F10: 건강_치과기공소.csv (2026.07)
B13: 📐 시장 규모 계산
B14: 구분 | C14: 계산식 | D14: 비율/수량 | E14: 시장 규모 (연간) | F14: 설명
B15: TAM (전체 기공소 재제작 손실) | C15: → | D15: 영업 중 4,663개소 전체 | E15: =C7*'① 손실 계산기'!F19 | F15: 재제작 손실을 100% 해소하는 이상적 시장 총량
B16: SAM (중소형 기공소 타겟) | C16: → | D16: TAM의 70% (2~10인 규모) | E16: =E15*0.7 | F16: 실제 타겟 세그먼트 (중소형 기공소)
B17: SOM (초기 3년 목표 점유) | C17: → | D17: SAM의 5% (3년 누적 목표) | E17: =E16*0.05 | F17: CrownOps 현실적 초기 목표 시장
B19: ※ SAM 비율(70%)·SOM 비율(5%)은 ① 손실 계산기의 기본값 변경에 따라 자동 반영됩니다.

Sheet ④ 해외 참고 (환율 환산)
B2: 해외 수치 참고 (환율 환산 — 참고용)
B4: 💱 환율 설정 (노란색 셀 수정 가능)
B5: 통화 | C5: 환율 (원) | D5: 단위 | E5: 기준일 | F5: 비고
B6: USD (미국 달러) | C6: 1380 | D6: 원/USD | E6: 2026.07 기준 | F6: 환율은 직접 수정하세요
B7: EUR (유로) | C7: 1510 | D7: 원/EUR | E7: 2026.07 기준 | F7: 환율은 직접 수정하세요
B10: 🌐 주요 해외 수치 → 원화 환산
B11: 항목 | C11: 원래 수치 | D11: 통화 | E11: 환산 금액 (원) | F11: 출처/비고
B12: 재제작 1건 직접 손실 (하한) | C12: 150 | D12: USD | E12: =C12*C6 | F12: Spear Education / 업계 추정
B13: 재제작 1건 직접 손실 (상한) | C13: 400 | D13: USD | E13: =C13*C6 | F13: Spear Education / 업계 추정
B14: 디지털 케이스 재제작 1건 | C14: 127 | D14: USD | E14: =C14*C6 | F14: DDS Lab
B15: exocad 퍼페추얼 라이선스 | C15: 4830 | D15: EUR | E15: =C15*C7 | F15: exocad 공식 (CAD 참고용)
B16: LabStar 월 구독료 (추정) | C16: 150 | D16: USD | E16: =C16*C6 | F16: 3Shape LabStar
B17: 미국 기공사 시급 | C17: 21.6 | D17: USD | E17: =C17*C6 | F17: PayScale 2026 / 국내 18,000원과 비교
B19: ※ 해외 수치는 참고용입니다. 국내 TAM/SAM/SOM 산정은 ③ 시트 국내 데이터 기준을 우선 사용하세요.

Sheet ⑤ 가정 & 출처
B2: 모델 가정 및 데이터 출처
B4: 📋 핵심 가정 & 출처
B5: 항목 | C5: 가정/수치 | D5: 출처
B6: 국내 평균 리메이크율 | C6: 10% (복수응답 조사 기준) | D6: 치의신보 (dailydental.co.kr)
B7: 글로벌 평균 리메이크율 | C7: 3.8~4% (미국 단일 크라운 n=3,750) | D7: PMC NCBI / PMC7005880
B8: 재료비 비율 | C8: 기공료의 약 25~40% (종류별 상이, 평균 30%) | D8: 업계 추정
B9: 기공사 시간당 인건비 | C9: 약 18,000원 (연봉 3,765만÷2,080시간) | D9: 고용노동부 고용형태별근로실태조사 2021
B10: 케이스당 제작 시간 | C10: 평균 2.5시간 (혼합 기준) | D10: 업계 추정
B11: 기회비용 정의 | C11: 리메이크 시간에 신규 케이스 처리 시 수익 손실 | D11: 자체 산정
B12: 영업 중 기공소 수 | C12: 4,663개소 (영업/정상 상태) | D12: 건강_치과기공소.csv / 공공데이터포털 2026.07
B13: SAM 비율 | C13: 전체의 70% (중소형 2~10인 규모 추정) | D13: 업계 추정
B14: SOM 비율 | C14: SAM의 5% (초기 3년 목표) | D14: CrownOps 자체 설정
B15: 재제작 주요 원인 1위 | C15: 인상체·재료 변형 92.2% | D15: 치의신보
B16: 커뮤니케이션 기인 비율 | C16: 60%+ 재제작이 생산 前 커뮤니케이션 문제 | D16: VCAD 케이스 스터디
... B18: EUR 환율 | C18: 1 EUR = 1,510원 (2026.07 기준) | D18: 환율 시트 직접 수정 가능
B25: ⚠️ 모델 한계 및 추가 검증 필요 항목
B26: • 월 케이스 수 분포 → 기공소 규모별 실제 조사 필요 (현재 중소 200건 가정)
B27: • 실제 기공소 수취 기공료 단가 → 지역별·규모별 편차 존재, 직접 확인 필요
B28: • 재제작 무료처리 vs. 유료청구 비율 → 현재 전량 손실로 보수적 가정
B29: • CrownOps 도입에 따른 실질 개선율 → 실증 데이터 확보 후 업데이트 필요
B30: • 보철 종류별 케이스 비중 → 믹스 비율에 따라 평균 기공료 변동 가능
